Model,MAE,RMSE,R2
LinearRegression,12.327003135310441,787.2860641839256,0.9527054309234272
RandomForest,7.094105750000009,678.1368912593128,0.9592623399471946
